category,variant,config_id,param_spec,rep,P,t_seq_s,t_par_s,speedup,efficiency,rank_found,tests_total,log_file
easy,cyclic,base,,1,4,0.069152,0.023051,2.999956,.749989,0,58950,artifacts/round1b-20251028_221003/logs/cyclic_base_easy_rep1.log
easy,cyclic,base,,2,4,0.069152,0.021908,3.156472,.789118,1,46904,artifacts/round1b-20251028_221003/logs/cyclic_base_easy_rep2.log
easy,cyclic,base,,3,4,0.069152,0.022323,3.097791,.774447,0,47852,artifacts/round1b-20251028_221003/logs/cyclic_base_easy_rep3.log
med,cyclic,base,,1,4,0.068887,0.022562,3.053231,.763307,1,47182,artifacts/round1b-20251028_221003/logs/cyclic_base_med_rep1.log
med,cyclic,base,,2,4,0.068887,0.019526,3.527962,.881990,1,57996,artifacts/round1b-20251028_221003/logs/cyclic_base_med_rep2.log
med,cyclic,base,,3,4,0.068887,0.023782,2.896602,.724150,1,60187,artifacts/round1b-20251028_221003/logs/cyclic_base_med_rep3.log
hard,cyclic,base,,1,4,0.068774,0.018963,3.626746,.906686,1,43808,artifacts/round1b-20251028_221003/logs/cyclic_base_hard_rep1.log
hard,cyclic,base,,2,4,0.068774,0.025611,2.685330,.671332,0,47594,artifacts/round1b-20251028_221003/logs/cyclic_base_hard_rep2.log
hard,cyclic,base,,3,4,0.068774,0.024931,2.758573,.689643,0,49682,artifacts/round1b-20251028_221003/logs/cyclic_base_hard_rep3.log
easy,adaptive,T1.0,-T 1.0,1,4,0.069152,0.040078,1.725435,.431358,3,57921,artifacts/round1b-20251028_221003/logs/adaptive_T1.0_easy_rep1.log
easy,adaptive,T1.0,-T 1.0,2,4,0.069152,0.034449,2.007373,.501843,3,61921,artifacts/round1b-20251028_221003/logs/adaptive_T1.0_easy_rep2.log
easy,adaptive,T1.0,-T 1.0,3,4,0.069152,0.025667,2.694198,.673549,3,57921,artifacts/round1b-20251028_221003/logs/adaptive_T1.0_easy_rep3.log
med,adaptive,T1.0,-T 1.0,1,4,0.068887,0.035233,1.955184,.488796,3,71921,artifacts/round1b-20251028_221003/logs/adaptive_T1.0_med_rep1.log
med,adaptive,T1.0,-T 1.0,2,4,0.068887,0.038324,1.797489,.449372,3,67921,artifacts/round1b-20251028_221003/logs/adaptive_T1.0_med_rep2.log
med,adaptive,T1.0,-T 1.0,3,4,0.068887,0.027100,2.541955,.635488,3,57921,artifacts/round1b-20251028_221003/logs/adaptive_T1.0_med_rep3.log
hard,adaptive,T1.0,-T 1.0,1,4,0.068774,0.033629,2.045080,.511270,3,69921,artifacts/round1b-20251028_221003/logs/adaptive_T1.0_hard_rep1.log
hard,adaptive,T1.0,-T 1.0,2,4,0.068774,0.032107,2.142025,.535506,3,57921,artifacts/round1b-20251028_221003/logs/adaptive_T1.0_hard_rep2.log
hard,adaptive,T1.0,-T 1.0,3,4,0.068774,0.031786,2.163656,.540914,3,57921,artifacts/round1b-20251028_221003/logs/adaptive_T1.0_hard_rep3.log
easy,adaptive,T1.2,-T 1.2,1,4,0.069152,0.028185,2.453503,.613375,3,57921,artifacts/round1b-20251028_221003/logs/adaptive_T1.2_easy_rep1.log
easy,adaptive,T1.2,-T 1.2,2,4,0.069152,0.039131,1.767192,.441798,3,57921,artifacts/round1b-20251028_221003/logs/adaptive_T1.2_easy_rep2.log
easy,adaptive,T1.2,-T 1.2,3,4,0.069152,0.029470,2.346521,.586630,3,59921,artifacts/round1b-20251028_221003/logs/adaptive_T1.2_easy_rep3.log
med,adaptive,T1.2,-T 1.2,1,4,0.068887,0.041694,1.652204,.413051,3,57921,artifacts/round1b-20251028_221003/logs/adaptive_T1.2_med_rep1.log
med,adaptive,T1.2,-T 1.2,2,4,0.068887,0.037824,1.821251,.455312,3,61921,artifacts/round1b-20251028_221003/logs/adaptive_T1.2_med_rep2.log
med,adaptive,T1.2,-T 1.2,3,4,0.068887,0.034703,1.985044,.496261,3,57921,artifacts/round1b-20251028_221003/logs/adaptive_T1.2_med_rep3.log
hard,adaptive,T1.2,-T 1.2,1,4,0.068774,0.035242,1.951478,.487869,3,65921,artifacts/round1b-20251028_221003/logs/adaptive_T1.2_hard_rep1.log
hard,adaptive,T1.2,-T 1.2,2,4,0.068774,0.037254,1.846083,.461520,3,57921,artifacts/round1b-20251028_221003/logs/adaptive_T1.2_hard_rep2.log
hard,adaptive,T1.2,-T 1.2,3,4,0.068774,0.039045,1.761403,.440350,3,59921,artifacts/round1b-20251028_221003/logs/adaptive_T1.2_hard_rep3.log
easy,adaptive,T1.4,-T 1.4,1,4,0.069152,0.044222,1.563746,.390936,3,57921,artifacts/round1b-20251028_221003/logs/adaptive_T1.4_easy_rep1.log
easy,adaptive,T1.4,-T 1.4,2,4,0.069152,0.032539,2.125203,.531300,3,59921,artifacts/round1b-20251028_221003/logs/adaptive_T1.4_easy_rep2.log
easy,adaptive,T1.4,-T 1.4,3,4,0.069152,0.030391,2.275410,.568852,3,57921,artifacts/round1b-20251028_221003/logs/adaptive_T1.4_easy_rep3.log
med,adaptive,T1.4,-T 1.4,1,4,0.068887,0.040132,1.716510,.429127,3,59921,artifacts/round1b-20251028_221003/logs/adaptive_T1.4_med_rep1.log
med,adaptive,T1.4,-T 1.4,2,4,0.068887,0.025157,2.738283,.684570,3,57921,artifacts/round1b-20251028_221003/logs/adaptive_T1.4_med_rep2.log
med,adaptive,T1.4,-T 1.4,3,4,0.068887,0.032813,2.099381,.524845,3,57921,artifacts/round1b-20251028_221003/logs/adaptive_T1.4_med_rep3.log
hard,adaptive,T1.4,-T 1.4,1,4,0.068774,0.042428,1.620957,.405239,3,57921,artifacts/round1b-20251028_221003/logs/adaptive_T1.4_hard_rep1.log
hard,adaptive,T1.4,-T 1.4,2,4,0.068774,0.039794,1.728250,.432062,3,61921,artifacts/round1b-20251028_221003/logs/adaptive_T1.4_hard_rep2.log
hard,adaptive,T1.4,-T 1.4,3,4,0.068774,0.032204,2.135573,.533893,3,57921,artifacts/round1b-20251028_221003/logs/adaptive_T1.4_hard_rep3.log
easy,adaptive,T1.5,-T 1.5,1,4,0.069152,0.033490,2.064855,.516213,3,57921,artifacts/round1b-20251028_221003/logs/adaptive_T1.5_easy_rep1.log
easy,adaptive,T1.5,-T 1.5,2,4,0.069152,0.039447,1.753035,.438258,3,57921,artifacts/round1b-20251028_221003/logs/adaptive_T1.5_easy_rep2.log
easy,adaptive,T1.5,-T 1.5,3,4,0.069152,0.037561,1.841058,.460264,3,57921,artifacts/round1b-20251028_221003/logs/adaptive_T1.5_easy_rep3.log
med,adaptive,T1.5,-T 1.5,1,4,0.068887,0.033041,2.084894,.521223,3,65921,artifacts/round1b-20251028_221003/logs/adaptive_T1.5_med_rep1.log
med,adaptive,T1.5,-T 1.5,2,4,0.068887,0.037475,1.838212,.459553,3,77921,artifacts/round1b-20251028_221003/logs/adaptive_T1.5_med_rep2.log
med,adaptive,T1.5,-T 1.5,3,4,0.068887,0.037168,1.853395,.463348,3,57921,artifacts/round1b-20251028_221003/logs/adaptive_T1.5_med_rep3.log
hard,adaptive,T1.5,-T 1.5,1,4,0.068774,0.027599,2.491901,.622975,3,57921,artifacts/round1b-20251028_221003/logs/adaptive_T1.5_hard_rep1.log
hard,adaptive,T1.5,-T 1.5,2,4,0.068774,0.038364,1.792670,.448167,3,61921,artifacts/round1b-20251028_221003/logs/adaptive_T1.5_hard_rep2.log
hard,adaptive,T1.5,-T 1.5,3,4,0.068774,0.031142,2.208400,.552100,3,61921,artifacts/round1b-20251028_221003/logs/adaptive_T1.5_hard_rep3.log
easy,adaptive,T1.6,-T 1.6,1,4,0.069152,0.026651,2.594724,.648681,3,57921,artifacts/round1b-20251028_221003/logs/adaptive_T1.6_easy_rep1.log
easy,adaptive,T1.6,-T 1.6,2,4,0.069152,0.038426,1.799614,.449903,3,57921,artifacts/round1b-20251028_221003/logs/adaptive_T1.6_easy_rep2.log
easy,adaptive,T1.6,-T 1.6,3,4,0.069152,0.101587,.680717,.170179,3,57921,artifacts/round1b-20251028_221003/logs/adaptive_T1.6_easy_rep3.log
med,adaptive,T1.6,-T 1.6,1,4,0.068887,0.039384,1.749111,.437277,3,57921,artifacts/round1b-20251028_221003/logs/adaptive_T1.6_med_rep1.log
med,adaptive,T1.6,-T 1.6,2,4,0.068887,0.034972,1.969775,.492443,3,69921,artifacts/round1b-20251028_221003/logs/adaptive_T1.6_med_rep2.log
med,adaptive,T1.6,-T 1.6,3,4,0.068887,0.042634,1.615776,.403944,3,65921,artifacts/round1b-20251028_221003/logs/adaptive_T1.6_med_rep3.log
hard,adaptive,T1.6,-T 1.6,1,4,0.068774,0.037556,1.831238,.457809,3,57921,artifacts/round1b-20251028_221003/logs/adaptive_T1.6_hard_rep1.log
hard,adaptive,T1.6,-T 1.6,2,4,0.068774,0.031766,2.165019,.541254,3,57921,artifacts/round1b-20251028_221003/logs/adaptive_T1.6_hard_rep2.log
hard,adaptive,T1.6,-T 1.6,3,4,0.068774,0.027207,2.527805,.631951,3,57921,artifacts/round1b-20251028_221003/logs/adaptive_T1.6_hard_rep3.log
easy,adaptive,T1.8,-T 1.8,1,4,0.069152,0.039351,1.757312,.439328,3,63921,artifacts/round1b-20251028_221003/logs/adaptive_T1.8_easy_rep1.log
easy,adaptive,T1.8,-T 1.8,2,4,0.069152,0.031580,2.189740,.547435,3,61921,artifacts/round1b-20251028_221003/logs/adaptive_T1.8_easy_rep2.log
easy,adaptive,T1.8,-T 1.8,3,4,0.069152,0.038587,1.792106,.448026,3,57921,artifacts/round1b-20251028_221003/logs/adaptive_T1.8_easy_rep3.log
med,adaptive,T1.8,-T 1.8,1,4,0.068887,0.032813,2.099381,.524845,3,65921,artifacts/round1b-20251028_221003/logs/adaptive_T1.8_med_rep1.log
med,adaptive,T1.8,-T 1.8,2,4,0.068887,0.030985,2.223237,.555809,3,57921,artifacts/round1b-20251028_221003/logs/adaptive_T1.8_med_rep2.log
med,adaptive,T1.8,-T 1.8,3,4,0.068887,0.030023,2.294474,.573618,3,63921,artifacts/round1b-20251028_221003/logs/adaptive_T1.8_med_rep3.log
hard,adaptive,T1.8,-T 1.8,1,4,0.068774,0.032652,2.106272,.526568,3,65921,artifacts/round1b-20251028_221003/logs/adaptive_T1.8_hard_rep1.log
hard,adaptive,T1.8,-T 1.8,2,4,0.068774,0.038668,1.778576,.444644,3,57921,artifacts/round1b-20251028_221003/logs/adaptive_T1.8_hard_rep2.log
hard,adaptive,T1.8,-T 1.8,3,4,0.068774,0.034010,2.022169,.505542,3,57921,artifacts/round1b-20251028_221003/logs/adaptive_T1.8_hard_rep3.log
easy,adaptive,T2.0,-T 2.0,1,4,0.069152,0.034979,1.976957,.494239,3,57921,artifacts/round1b-20251028_221003/logs/adaptive_T2.0_easy_rep1.log
easy,adaptive,T2.0,-T 2.0,2,4,0.069152,0.032128,2.152390,.538097,3,57921,artifacts/round1b-20251028_221003/logs/adaptive_T2.0_easy_rep2.log
easy,adaptive,T2.0,-T 2.0,3,4,0.069152,0.039712,1.741337,.435334,3,59921,artifacts/round1b-20251028_221003/logs/adaptive_T2.0_easy_rep3.log
med,adaptive,T2.0,-T 2.0,1,4,0.068887,0.037544,1.834833,.458708,3,71921,artifacts/round1b-20251028_221003/logs/adaptive_T2.0_med_rep1.log
med,adaptive,T2.0,-T 2.0,2,4,0.068887,0.034962,1.970339,.492584,3,57921,artifacts/round1b-20251028_221003/logs/adaptive_T2.0_med_rep2.log
med,adaptive,T2.0,-T 2.0,3,4,0.068887,0.049584,1.389298,.347324,3,57921,artifacts/round1b-20251028_221003/logs/adaptive_T2.0_med_rep3.log
hard,adaptive,T2.0,-T 2.0,1,4,0.068774,0.033224,2.070009,.517502,3,61921,artifacts/round1b-20251028_221003/logs/adaptive_T2.0_hard_rep1.log
hard,adaptive,T2.0,-T 2.0,2,4,0.068774,0.032911,2.089696,.522424,3,59921,artifacts/round1b-20251028_221003/logs/adaptive_T2.0_hard_rep2.log
hard,adaptive,T2.0,-T 2.0,3,4,0.068774,0.038131,1.803624,.450906,3,61921,artifacts/round1b-20251028_221003/logs/adaptive_T2.0_hard_rep3.log
easy,adaptive,T2.2,-T 2.2,1,4,0.069152,0.029207,2.367651,.591912,3,59921,artifacts/round1b-20251028_221003/logs/adaptive_T2.2_easy_rep1.log
easy,adaptive,T2.2,-T 2.2,2,4,0.069152,0.039118,1.767779,.441944,3,57921,artifacts/round1b-20251028_221003/logs/adaptive_T2.2_easy_rep2.log
easy,adaptive,T2.2,-T 2.2,3,4,0.069152,0.026468,2.612664,.653166,3,57921,artifacts/round1b-20251028_221003/logs/adaptive_T2.2_easy_rep3.log
med,adaptive,T2.2,-T 2.2,1,4,0.068887,0.033231,2.072974,.518243,3,57921,artifacts/round1b-20251028_221003/logs/adaptive_T2.2_med_rep1.log
med,adaptive,T2.2,-T 2.2,2,4,0.068887,0.035280,1.952579,.488144,3,61921,artifacts/round1b-20251028_221003/logs/adaptive_T2.2_med_rep2.log
med,adaptive,T2.2,-T 2.2,3,4,0.068887,0.038532,1.787786,.446946,3,61921,artifacts/round1b-20251028_221003/logs/adaptive_T2.2_med_rep3.log
hard,adaptive,T2.2,-T 2.2,1,4,0.068774,0.033036,2.081789,.520447,3,65921,artifacts/round1b-20251028_221003/logs/adaptive_T2.2_hard_rep1.log
hard,adaptive,T2.2,-T 2.2,2,4,0.068774,0.030053,2.288423,.572105,3,57921,artifacts/round1b-20251028_221003/logs/adaptive_T2.2_hard_rep2.log
hard,adaptive,T2.2,-T 2.2,3,4,0.068774,0.044027,1.562086,.390521,3,59921,artifacts/round1b-20251028_221003/logs/adaptive_T2.2_hard_rep3.log
easy,adaptive,T2.5,-T 2.5,1,4,0.069152,0.024921,2.774848,.693712,3,57921,artifacts/round1b-20251028_221003/logs/adaptive_T2.5_easy_rep1.log
easy,adaptive,T2.5,-T 2.5,2,4,0.069152,0.036174,1.911649,.477912,3,65921,artifacts/round1b-20251028_221003/logs/adaptive_T2.5_easy_rep2.log
easy,adaptive,T2.5,-T 2.5,3,4,0.069152,0.028943,2.389247,.597311,3,59921,artifacts/round1b-20251028_221003/logs/adaptive_T2.5_easy_rep3.log
med,adaptive,T2.5,-T 2.5,1,4,0.068887,0.040403,1.704997,.426249,3,71921,artifacts/round1b-20251028_221003/logs/adaptive_T2.5_med_rep1.log
med,adaptive,T2.5,-T 2.5,2,4,0.068887,0.038030,1.811385,.452846,3,57921,artifacts/round1b-20251028_221003/logs/adaptive_T2.5_med_rep2.log
med,adaptive,T2.5,-T 2.5,3,4,0.068887,0.033538,2.053998,.513499,3,57921,artifacts/round1b-20251028_221003/logs/adaptive_T2.5_med_rep3.log
hard,adaptive,T2.5,-T 2.5,1,4,0.068774,0.028133,2.444602,.611150,3,59921,artifacts/round1b-20251028_221003/logs/adaptive_T2.5_hard_rep1.log
hard,adaptive,T2.5,-T 2.5,2,4,0.068774,0.035981,1.911397,.477849,3,57921,artifacts/round1b-20251028_221003/logs/adaptive_T2.5_hard_rep2.log
hard,adaptive,T2.5,-T 2.5,3,4,0.068774,0.034482,1.994489,.498622,3,57921,artifacts/round1b-20251028_221003/logs/adaptive_T2.5_hard_rep3.log
easy,permuted,R12345,-R 12345,1,4,0.069152,0.019216,3.598667,.899666,1,39459,artifacts/round1b-20251028_221003/logs/permuted_R12345_easy_rep1.log
easy,permuted,R12345,-R 12345,2,4,0.069152,0.022994,3.007393,.751848,1,55843,artifacts/round1b-20251028_221003/logs/permuted_R12345_easy_rep2.log
easy,permuted,R12345,-R 12345,3,4,0.069152,0.023381,2.957615,.739403,1,47651,artifacts/round1b-20251028_221003/logs/permuted_R12345_easy_rep3.log
med,permuted,R12345,-R 12345,1,4,0.068887,0.016745,4.113884,1.028471,1,47651,artifacts/round1b-20251028_221003/logs/permuted_R12345_med_rep1.log
med,permuted,R12345,-R 12345,2,4,0.068887,0.022211,3.101481,.775370,1,55843,artifacts/round1b-20251028_221003/logs/permuted_R12345_med_rep2.log
med,permuted,R12345,-R 12345,3,4,0.068887,0.023713,2.905030,.726257,1,47651,artifacts/round1b-20251028_221003/logs/permuted_R12345_med_rep3.log
hard,permuted,R12345,-R 12345,1,4,0.068774,0.041960,1.639037,.409759,0,96523,artifacts/round1b-20251028_221003/logs/permuted_R12345_hard_rep1.log
hard,permuted,R12345,-R 12345,2,4,0.068774,0.036923,1.862633,.465658,0,104715,artifacts/round1b-20251028_221003/logs/permuted_R12345_hard_rep2.log
hard,permuted,R12345,-R 12345,3,4,0.068774,0.041645,1.651434,.412858,0,96523,artifacts/round1b-20251028_221003/logs/permuted_R12345_hard_rep3.log
easy,permuted,R54321,-R 54321,1,4,0.069152,0.014367,4.813252,1.203313,2,21920,artifacts/round1b-20251028_221003/logs/permuted_R54321_easy_rep1.log
easy,permuted,R54321,-R 54321,2,4,0.069152,0.016027,4.314718,1.078679,2,35253,artifacts/round1b-20251028_221003/logs/permuted_R54321_easy_rep2.log
easy,permuted,R54321,-R 54321,3,4,0.069152,0.012147,5.692928,1.423232,2,30112,artifacts/round1b-20251028_221003/logs/permuted_R54321_easy_rep3.log
med,permuted,R54321,-R 54321,1,4,0.068887,0.019266,3.575573,.893893,0,42005,artifacts/round1b-20251028_221003/logs/permuted_R54321_med_rep1.log
med,permuted,R54321,-R 54321,2,4,0.068887,0.016491,4.177248,1.044312,0,46101,artifacts/round1b-20251028_221003/logs/permuted_R54321_med_rep2.log
med,permuted,R54321,-R 54321,3,4,0.068887,0.023841,2.889434,.722358,0,46101,artifacts/round1b-20251028_221003/logs/permuted_R54321_med_rep3.log
hard,permuted,R54321,-R 54321,1,4,0.068774,0.398719,.172487,.043121,3,971256,artifacts/round1b-20251028_221003/logs/permuted_R54321_hard_rep1.log
hard,permuted,R54321,-R 54321,2,4,0.068774,0.432188,.159129,.039782,3,975352,artifacts/round1b-20251028_221003/logs/permuted_R54321_hard_rep2.log
hard,permuted,R54321,-R 54321,3,4,0.068774,0.461028,.149175,.037293,3,979448,artifacts/round1b-20251028_221003/logs/permuted_R54321_hard_rep3.log
easy,permuted,R98765,-R 98765,1,4,0.069152,0.045885,1.507072,.376768,2,114113,artifacts/round1b-20251028_221003/logs/permuted_R98765_easy_rep1.log
easy,permuted,R98765,-R 98765,2,4,0.069152,0.052377,1.320274,.330068,2,146881,artifacts/round1b-20251028_221003/logs/permuted_R98765_easy_rep2.log
easy,permuted,R98765,-R 98765,3,4,0.069152,0.075346,.917792,.229448,2,163265,artifacts/round1b-20251028_221003/logs/permuted_R98765_easy_rep3.log
med,permuted,R98765,-R 98765,1,4,0.068887,0.099607,.691587,.172896,0,221874,artifacts/round1b-20251028_221003/logs/permuted_R98765_med_rep1.log
med,permuted,R98765,-R 98765,2,4,0.068887,0.091610,.751959,.187989,0,217778,artifacts/round1b-20251028_221003/logs/permuted_R98765_med_rep2.log
med,permuted,R98765,-R 98765,3,4,0.068887,0.092771,.742548,.185637,0,221874,artifacts/round1b-20251028_221003/logs/permuted_R98765_med_rep3.log
hard,permuted,R98765,-R 98765,1,4,0.068774,0.328080,.209625,.052406,3,788923,artifacts/round1b-20251028_221003/logs/permuted_R98765_hard_rep1.log
hard,permuted,R98765,-R 98765,2,4,0.068774,0.377154,.182349,.045587,3,809403,artifacts/round1b-20251028_221003/logs/permuted_R98765_hard_rep2.log
hard,permuted,R98765,-R 98765,3,4,0.068774,0.322577,.213201,.053300,3,752059,artifacts/round1b-20251028_221003/logs/permuted_R98765_hard_rep3.log
easy,permuted,R11111,-R 11111,1,4,0.069152,1.114635,.062040,.015510,-1,2097152,artifacts/round1b-20251028_221003/logs/permuted_R11111_easy_rep1.log
easy,permuted,R11111,-R 11111,2,4,0.069152,0.945880,.073108,.018277,-1,2097152,artifacts/round1b-20251028_221003/logs/permuted_R11111_easy_rep2.log
easy,permuted,R11111,-R 11111,3,4,0.069152,0.932285,.074174,.018543,-1,2097152,artifacts/round1b-20251028_221003/logs/permuted_R11111_easy_rep3.log
med,permuted,R11111,-R 11111,1,4,0.068887,1.996496,.034503,.008625,-1,4194304,artifacts/round1b-20251028_221003/logs/permuted_R11111_med_rep1.log
med,permuted,R11111,-R 11111,2,4,0.068887,1.995531,.034520,.008630,-1,4194304,artifacts/round1b-20251028_221003/logs/permuted_R11111_med_rep2.log
med,permuted,R11111,-R 11111,3,4,0.068887,2.140380,.032184,.008046,-1,4194304,artifacts/round1b-20251028_221003/logs/permuted_R11111_med_rep3.log
hard,permuted,R11111,-R 11111,1,4,0.068774,3.872627,.017759,.004439,-1,8388608,artifacts/round1b-20251028_221003/logs/permuted_R11111_hard_rep1.log
hard,permuted,R11111,-R 11111,2,4,0.068774,4.432864,.015514,.003878,-1,8388608,artifacts/round1b-20251028_221003/logs/permuted_R11111_hard_rep2.log
hard,permuted,R11111,-R 11111,3,4,0.068774,4.191785,.016406,.004101,-1,8388608,artifacts/round1b-20251028_221003/logs/permuted_R11111_hard_rep3.log
